sequence_id,cluster,predicted_species,confidence
XR_009924872.1,1,Unknown,0.0
XR_009924871.1,0,Scomber_scombrus,0.9996113181114197
XR_009924870.1,0,Scomber_scombrus,0.9996113181114197
XR_009924869.1,0,Scomber_scombrus,0.9996113181114197
XR_009924868.1,0,Scomber_scombrus,0.9996113181114197
XR_009924866.1,0,Scomber_scombrus,0.9996113181114197
XR_009924865.1,0,Scomber_scombrus,0.9996113181114197
XR_009924864.1,0,Scomber_scombrus,0.9996113181114197
XR_009924863.1,2,Scomber_scombrus,0.9996113181114197
XR_009924862.1,0,Scomber_scombrus,0.9996113181114197
